Department,Average_Salary,Min_Salary,Max_Salary,Salary_StandardDeviation
HR,9130.1585,3012,14878,3495.2287488199663
Engineering,9128.6676,3143,14987,3441.444854681644
Finance,9080.6902,3018,14991,3423.537564121035
Sales,9024.4679,3026,14975,3448.1616729450666
IT,8860.6379,3120,14980,3471.1357098264666
"Customer Support",8798.5666,3048,14998,3536.92634791999
Marketing,8609.4050,3001,14995,3524.96858430113
